data;hora_utc;temp_c;temp_max_c;temp_min_c;umid_pct;umid_max_pct;umid_min_pct;pto_orvalho_c;pto_orvalho_max_c;pto_orvalho_min_c;press_hpa;press_max_hpa;press_min_hpa;vento_ms;dir_vento_ms;raj_vento_ms;radiacao_kj_m2;chuva_mm;cod_estacao;VL_LATITUDE;VL_LONGITUDE
11/02/2026;1800;34,3;34,7;32,9;38,0;43,0;37,0;18,1;19,7;17,3;971,5;972,3;971,5;2,0;179,0;4,2;2931,70;0,0;A756;-20,44444444;-52,87583332
11/02/2026;1800;30,5;31,8;29,9;55,0;59,0;46,0;20,5;21,8;18,2;948,8;949,5;948,8;0,9;192,0;5,9;2400,70;0,0;S733;-19,77430600000;-53,27398200000
11/02/2026;1800;30,2;30,4;29,1;60,0;68,0;59,0;21,7;23,6;20,8;965,3;965,9;965,2;2,7;331,0;6,1;2814,20;0,0;S731;-18,05217500000;-53,84559300000
11/02/2026;1800;36,0;36,2;33,3;23,0;31,0;17,0;11,9;14,6;7,8;959,9;960,7;959,9;0,9;52,0;6,7;3205,60;0,0;A750;-23,0025;-55,32944443
11/02/2026;1800;31,3;31,8;29,5;60,0;66,0;56,0;22,6;23,7;21,2;959,7;960,4;959,7;1,9;171,0;5,0;1791,00;0,0;S736;-22,04680600000;-52,89754500000
11/02/2026;1800;33,8;34,9;31,7;43,0;50,0;42,0;19,6;21,2;19,1;969,6;970,5;969,6;1,4;73,0;4,0;3058,30;0,0;S701;-22,14805555000;-53,76361111000
11/02/2026;1800;34,2;34,4;32,1;59,0;63,0;57,0;25,1;25,7;23,3;991,4;992,5;991,4;0,4;303,0;4,9;461,90;0,0;A719;-20,47555554;-55,78388888
11/02/2026;1800;32,4;33,9;32,4;58,0;63,0;51,0;23,0;24,7;22,0;995,7;996,7;995,7;1,6;108,0;3,1;1811,80;0,0;S729;-19,57376600000;-56,15540900000
11/02/2026;1800;33,1;33,6;31,7;41,0;46,0;37,0;18,0;19,5;16,5;941,5;942,2;941,5;2,0;280,0;6,5;2092,20;0,0;S702;-22,95500000000;-55,62611110000
11/02/2026;1800;31,4;31,8;29,5;50,0;62,0;48,0;19,8;22,4;19,1;940,0;940,6;940,0;2,6;257,0;6,3;3364,80;0,0;S703;-19,94555555000;-54,36861110000
11/02/2026;1800;31,0;32,6;30,8;55,0;58,0;51,0;20,9;22,4;20,3;964,8;965,5;964,8;2,7;110,0;5,6;3437,20;0,0;A759;-21,75;-52,47138888
11/02/2026;1800;33,7;35,2;33,5;48,0;51,0;43,0;21,1;22,2;19,3;971,6;972,3;971,6;2,7;39,0;6,7;3493,90;0,0;S704;-21,24666666000;-56,45055555000
11/02/2026;1800;35,3;35,9;34,4;37,0;41,0;35,0;18,6;19,5;17,1;958,2;959,0;958,2;2,6;13,0;5,8;3219,20;0,0;S706;-22,65694444000;-54,81944443000
11/02/2026;1800;23,6;31,1;21,4;87,0;92,0;55,0;21,4;21,6;18,9;949,8;950,0;949,6;4,4;237,0;11,7;841,20;8,8;S707;-19,58749999000;-54,02999999000
11/02/2026;1800;31,3;31,3;29,1;44,0;59,0;44,0;17,7;20,5;17,7;950,0;951,0;950,0;2,6;228,0;5,9;3198,50;0,0;A702;-20,44722221;-54,72249999
11/02/2026;1800;33,2;35,0;32,8;47,0;47,0;40,0;20,2;20,9;18,3;965,4;966,1;965,4;2,5;5,0;7,7;2866,00;0,0;S730;-21,85419900000;-56,86878800000
11/02/2026;1800;23,2;24,0;23,2;100,0;100,0;94,0;23,2;23,9;22,7;956,0;956,1;955,8;2,4;;4,7;677,80;0,2;A742;-19,12249999;-51,72083332
11/02/2026;1800;25,1;25,7;24,1;77,0;84,0;71,0;20,9;21,3;19,7;919,9;920,2;919,8;2,6;254,0;5,1;1391,80;0,2;A730;-18,80222222;-52,6025
11/02/2026;1800;29,6;29,9;28,4;63,0;74,0;63,0;21,9;24,2;21,9;948,2;949,0;948,1;4,1;319,0;7,3;3149,10;0,0;S722;-19,76111111000;-55,32972221000
11/02/2026;1800;35,6;37,0;35,3;38,0;43,0;38,0;19,1;22,4;18,8;994,2;995,4;994,2;;43,0;;3469,10;0,0;A724;-18,99666666;-57,63749999
11/02/2026;1800;32,4;32,5;31,5;64,0;70,0;62,0;24,8;25,8;24,1;997,2;998,2;997,2;2,6;34,0;8,2;1464,00;0,0;S726;-18,04082400000;-57,48987700000
11/02/2026;1800;33,7;34,4;32,3;49,0;54,0;46,0;21,5;22,8;20,8;991,6;992,7;991,6;2,5;233,0;5,8;3414,90;0,0;S718;-18,62361110000;-55,68666666000
11/02/2026;1800;33,5;34,6;31,8;58,0;61,0;51,0;24,1;25,2;22,3;995,5;996,5;995,5;;;;3273,90;0,0;S727;-17,90808700000;-56,56710000000
11/02/2026;1800;35,6;36,1;34,6;42,0;49,0;42,0;20,8;23,0;20,2;996,9;998,0;996,9;3,1;319,0;5,9;3544,00;0,0;S721;-20,08583333000;-57,30611111000
11/02/2026;1800;33,7;33,8;32,5;52,0;57,0;48,0;22,4;23,5;21,0;992,6;993,7;992,6;2,9;276,0;6,0;3407,40;0,0;S725;-17,79060300000;-55,77499100000
11/02/2026;1800;34,7;35,2;33,4;45,0;54,0;43,0;21,0;23,2;20,3;997,4;998,4;997,4;2,1;32,0;5,8;2844,70;0,0;S720;-19,49444444000;-56,95777777000
11/02/2026;1800;21,8;26,0;21,8;97,0;97,0;77,0;21,3;22,1;20,9;929,9;929,9;929,5;6,7;27,0;9,0;990,20;0,0;A760;-18,49277777;-53,17138888
11/02/2026;1800;32,5;32,9;31,2;48,0;59,0;47,0;20,2;22,9;19,9;980,1;981,2;980,1;2,5;301,0;5,7;3372,20;0,0;A720;-18,51222222;-54,7361111
11/02/2026;1800;32,9;34,7;32,3;39,0;42,0;33,0;17,2;18,3;15,3;956,9;957,7;956,9;1,7;244,0;6,7;2553,20;0,0;A721;-22,19388888;-54,91138888
11/02/2026;1800;35,0;36,0;33,8;39,0;44,0;38,0;18,9;20,4;18,7;970,9;971,8;970,9;1,4;96,0;5,8;3485,90;0,0;S708;-22,30861111000;-54,32583332000
11/02/2026;1800;30,8;30,9;30,2;77,0;79,0;77,0;26,3;26,5;25,8;957,0;957,8;957,0;2,5;291,0;5,5;3700,10;0,0;S732;-18,74532000000;-53,93608300000
11/02/2026;1800;34,4;36,0;33,8;41,0;43,0;37,0;19,3;19,6;18,2;972,0;972,6;972,0;1,4;258,0;5,9;1739,20;0,0;S709;-23,64444444000;-54,57027777000
11/02/2026;1800;27,1;30,9;26,5;79,0;80,0;55,0;23,2;23,2;20,7;966,8;967,2;966,8;6,4;93,0;9,4;1464,20;0,0;S734;-19,98796000000;-52,13961700000
11/02/2026;1800;34,9;36,1;33,7;39,0;44,0;36,0;18,7;20,3;17,6;967,4;968,3;967,4;2,0;19,0;5,4;3042,40;0,0;S710;-22,09277777000;-54,79888888000
11/02/2026;1800;33,9;35,7;33,1;38,0;45,0;36,0;17,6;19,8;17,1;970,7;971,5;970,7;0,1;189,0;4,7;2928,40;0,0;A752;-23,44944444;-54,18194443
11/02/2026;1800;32,7;33,7;32,2;42,0;47,0;40,0;18,0;19,6;18,0;966,2;967,1;966,2;3,0;155,0;6,3;2600,80;0,0;A709;-22,30055555;-53,82277777
11/02/2026;1800;34,1;34,5;32,7;34,0;41,0;32,0;15,8;18,5;14,8;979,9;980,9;979,9;1,6;358,0;5,7;640,20;0,0;A758;-21,4786111;-56,13777777
11/02/2026;1800;;;;;;;;;;;;;;;;;;A749;-22,85722222;-54,60555555
11/02/2026;1800;34,3;35,3;33,5;38,0;38,0;33,0;18,0;18,3;15,8;952,4;953,3;952,4;2,9;96,0;7,1;3234,50;0,0;S711;-22,57527777000;-55,16027777000
11/02/2026;1800;36,1;37,0;34,8;36,0;36,0;29,0;18,7;18,7;14,8;963,0;963,3;962,9;;;;3602,00;0,0;A731;-21,60916666;-55,17749999
11/02/2026;1800;34,4;34,4;32,4;47,0;55,0;45,0;21,5;22,8;20,4;993,5;994,5;993,5;;314,0;;3483,70;0,0;A722;-20,39555555;-56,43166666
11/02/2026;1800;33,2;33,4;32,3;50,0;54,0;45,0;21,3;22,3;19,4;973,3;974,1;973,3;2,8;112,0;7,8;3400,10;0,0;S735;-22,89990900000;-53,86921900000
11/02/2026;1800;34,3;34,8;33,2;44,0;53,0;43,0;20,4;23,0;20,1;997,0;998,0;997,0;2,0;5,0;4,8;2956,90;0,0;A717;-18,9886111;-56,62277777
11/02/2026;1800;32,9;33,3;31,6;59,0;62,0;49,0;23,8;23,8;20,7;975,6;976,7;975,6;1,7;24,0;5,3;2557,80;0,0;S724;-21,06706900000;-55,64587400000
11/02/2026;1800;31,9;33,2;31,4;55,0;59,0;47,0;21,6;22,8;20,4;964,8;965,6;964,8;1,9;172,0;4,2;1533,30;0,0;S712;-21,45083333000;-54,34194444000
11/02/2026;1800;32,9;34,6;31,0;52,0;59,0;46,0;21,7;22,6;20,7;967,2;968,0;967,2;1,3;196,0;4,4;2611,50;0,0;S713;-22,07861110000;-53,46583333000
11/02/2026;1800;31,6;31,7;29,7;52,0;58,0;49,0;20,5;21,2;19,4;945,0;945,6;945,0;2,4;299,0;6,8;3401,90;0,0;S723;-19,23316900000;-53,32943100000
11/02/2026;1800;23,5;24,3;23,1;89,0;92,0;87,0;21,7;22,2;21,4;965,5;965,9;965,3;3,1;355,0;8,2;1066,70;1,0;A710;-19,69555555;-51,18166666
11/02/2026;1800;32,8;32,9;31,4;;;;;;;980,7;981,8;980,7;2,5;313,0;4,9;2972,20;0,0;S714;-18,07277777000;-54,54888888000
11/02/2026;1800;32,4;33,6;31,8;39,0;39,0;29,0;16,5;16,5;12,3;935,4;936,2;935,4;1,7;346,0;4,8;3299,10;0,0;A703;-22,5525;-55,71638888
11/02/2026;1800;35,4;36,0;34,8;40,0;46,0;36,0;19,8;22,2;17,9;998,9;999,6;998,9;0,6;10,0;5,4;3424,30;;A723;-21,70583333;-57,88666666
11/02/2026;1800;34,8;35,1;33,5;49,0;54,0;49,0;22,4;23,7;22,1;990,4;991,3;990,4;1,9;45,0;5,5;3169,10;0,0;S719;-20,97305554000;-57,40111111000
11/02/2026;1800;32,6;33,3;31,3;53,0;56,0;51,0;21,8;22,7;20,2;958,0;958,7;958,0;2,5;233,0;5,3;2732,10;0,0;S728;-21,18984500000;-53,55538200000
11/02/2026;1800;33,3;34,0;32,9;45,0;48,0;42,0;19,6;20,8;18,9;959,2;959,8;959,2;1,6;267,0;5,3;3207,00;0,0;S715;-20,46666666000;-53,76305555000
11/02/2026;1800;33,9;33,9;32,2;42,0;50,0;40,0;19,2;21,2;18,3;971,9;972,9;971,9;0,0;309,0;4,5;2416,90;0,0;A743;-21,77499999;-54,52805554
11/02/2026;1800;33,1;33,1;31,9;49,0;53,0;47,0;20,9;22,0;19,6;966,2;966,9;966,2;1,7;246,0;4,4;3621,40;0,0;S716;-21,30583333000;-52,82027777000
11/02/2026;1800;29,6;30,2;29,1;61,0;64,0;55,0;21,2;21,9;19,7;937,3;938,0;937,2;3,9;273,0;7,7;4149,80;0,0;A732;-19,42027777;-54,55305555
11/02/2026;1800;34,0;35,0;32,1;44,0;49,0;38,0;20,0;20,4;18,4;964,0;964,8;964,0;0,0;254,0;3,1;2169,50;0,0;A751;-23,96694443;-55,02416666
11/02/2026;1800;32,5;32,7;31,4;47,0;54,0;42,0;19,9;21,6;18,0;956,4;957,4;956,4;1,8;346,0;5,8;3459,70;0,0;A754;-20,98166666;-54,97194443
11/02/2026;1800;29,3;30,7;29,0;60,0;63,0;55,0;20,6;22,2;19,8;954,0;954,9;954,0;3,2;301,0;6,5;2887,40;0,0;A761;-17,63527777;-54,76055555
11/02/2026;1800;28,3;31,1;28,2;69,0;69,0;51,0;22,0;22,0;19,3;973,5;973,6;973,4;3,3;50,0;7,3;1000,50;0,0;A704;-20,79499999;-51,71333333
